{
    "forget_mcqa_prob": 0.24999999973816106,
    "retain_mcqa_prob": 0.24999999981670074
}