{
    "forget_mcqa_prob": 0.2500000005368526,
    "retain_mcqa_prob": 0.2500000007745176
}