{
    "forget_mcqa_prob": 0.24999999951174262,
    "retain_mcqa_prob": 0.2499999999182375
}