{
    "forget_mcqa_prob": 0.2500000029350133,
    "retain_mcqa_prob": 0.250000000488132
}