{
    "forget_mcqa_prob": 0.24999999945721357,
    "retain_mcqa_prob": 0.2500000003366164
}