{
    "forget_mcqa_prob": 0.2500000002980232,
    "retain_mcqa_prob": 0.24999999975585419
}