{
    "forget_mcqa_prob": 0.24999999924653815,
    "retain_mcqa_prob": 0.24999999962294953
}