{
    "forget_mcqa_prob": 0.2500000028673071,
    "retain_mcqa_prob": 0.2500000002788328
}