{
    "forget_mcqa_prob": 0.24999999967985786,
    "retain_mcqa_prob": 0.24999999992496152
}