{
    "forget_mcqa_prob": 0.25000000131403793,
    "retain_mcqa_prob": 0.25000000018356217
}