{
    "forget_Q_A_Prob": 0.9898438334465027,
    "forget_Q_A_ROUGE": 0.9880392156862744,
    "forget_truth_ratio": 0.49962594056198284
}