{
    "forget_truth_ratio": 0.5314748873636261,
    "mia_min_k": 0.97703125,
    "mia_min_k_plus_plus": 0.9648625000000001,
    "privleak": -95.40624998091876
}