{
    "forget_mcqa_prob": 0.2499999993058846,
    "retain_mcqa_prob": 0.2499999991089458
}