{
    "forget_mcqa_prob": 0.24999999988576746,
    "retain_mcqa_prob": 0.2499999997022007
}