{
    "forget_mcqa_prob": 0.250000001117406,
    "retain_mcqa_prob": 0.2500000005815975
}