{
    "forget_mcqa_prob": 0.675,
    "forget_truth_ratio": 0.7396695646820898,
    "mia_gradnorm": 0.3426625,
    "mia_loss": 0.355275,
    "mia_min_k": 0.36810000000000004,
    "mia_min_k_plus_plus": 0.4016,
    "mia_zlib": 0.300175,
    "privleak": 26.37999999472398,
    "retain_mcqa_prob": 0.7446696499078705
}