{
    "forget_mcqa_prob": 0.2499999994475293,
    "retain_mcqa_prob": 0.2500000004365355
}