{
    "forget_mcqa_prob": 0.25000000009237394,
    "retain_mcqa_prob": 0.24999999987889587
}