{
    "forget_mcqa_prob": 0.24999999719148036,
    "retain_mcqa_prob": 0.24999999994920705
}