{
    "forget_mcqa_prob": 0.5614035087719298,
    "forget_truth_ratio": 0.6429641377604767,
    "mia_min_k": 0.3901374999999999,
    "mia_min_k_plus_plus": 0.47718124999999995,
    "privleak": 21.972499995605517,
    "retain_mcqa_prob": 0.5888888888888889
}