{
    "forget_mcqa_prob": 0.8,
    "forget_truth_ratio": 0.21862221636053455,
    "mia_gradnorm": 0.9581249999999999,
    "mia_loss": 0.9968750000000001,
    "mia_min_k": 0.9974999999999999,
    "mia_min_k_plus_plus": 0.9824999999999999,
    "mia_zlib": 0.9768749999999999,
    "privleak": -99.4594594379547,
    "retain_mcqa_prob": 0.8335438241980299
}