{
    "forget_truth_ratio": 0.6473523459864994,
    "mia_min_k": 0.37453749999999997,
    "mia_min_k_plus_plus": 0.45498124999999995,
    "privleak": 25.092499994981505
}