{
    "forget_mcqa_prob": 0.2500000013719557,
    "retain_mcqa_prob": 0.2500000000308743
}