{
    "forget_mcqa_prob": 0.24999999768945425,
    "retain_mcqa_prob": 0.2500000002072062
}