{
    "forget_mcqa_prob": 0.24999999920837582,
    "retain_mcqa_prob": 0.2500000000799569
}