{
    "forget_mcqa_prob": 0.2500000002056233,
    "retain_mcqa_prob": 0.24999999949143886
}