{
    "forget_mcqa_prob": 0.2499999995814592,
    "retain_mcqa_prob": 0.2499999997160598
}