{
    "forget_mcqa_prob": 0.675,
    "forget_truth_ratio": 0.7959948214681861,
    "mia_gradnorm": 0.3426625,
    "mia_loss": 0.3368875,
    "mia_min_k": 0.36435000000000006,
    "mia_min_k_plus_plus": 0.4016,
    "mia_zlib": 0.32465,
    "privleak": 27.12999999457399,
    "retain_mcqa_prob": 0.7446696499078705
}