{
    "forget_mcqa_prob": 0.24999999895733396,
    "retain_mcqa_prob": 0.24999999963166702
}