{
    "forget_mcqa_prob": 0.2499999992443918,
    "retain_mcqa_prob": 0.24999999991237823
}