{
    "forget_mcqa_prob": 0.2500000003841706,
    "retain_mcqa_prob": 0.249999999947335
}