{
    "forget_mcqa_prob": 0.2500000009496538,
    "retain_mcqa_prob": 0.2500000008924083
}