{
    "forget_truth_ratio": 0.08594205505028144,
    "mia_min_k": 0.20875,
    "privleak": 71.31258455830849
}