{
    "forget_mcqa_prob": 0.24999999706051312,
    "retain_mcqa_prob": 0.2499999961017334
}