{
    "forget_mcqa_prob": 0.2500000016360445,
    "retain_mcqa_prob": 0.2500000002795609
}