{
    "forget_mcqa_prob": 0.2500000032625394,
    "retain_mcqa_prob": 0.2500000000709034
}