{
    "Pretrained": {
        "forget_mcqa_acc": 0.63,
        "forget_truth_ratio": 0.7529357923192773,
        "mia_min_k": 0.31452500000000005,
        "mia_min_k_plus_plus": 0.35907500000000003,
        "privleak": 8.943897010657354,
        "retain_mcqa_acc": 0.6720189523558832
    },
    "Full": {
        "forget_mcqa_acc": 0.72,
        "forget_truth_ratio": 0.5187101096864867,
        "mia_min_k": 0.9837,
        "mia_min_k_plus_plus": 0.96775,
        "privleak": -96.739999980652,
        "retain_mcqa_acc": 0.7417741510923928
    },
    "Retained":{
        "forget_mcqa_acc": 0.665,
        "forget_truth_ratio": 0.6642147482970927,
        "mia_min_k": 0.37079999999999996,
        "mia_min_k_plus_plus": 0.402875,
        "privleak": 25.839999994832,
        "retain_mcqa_acc": 0.7441431955777836
    },
    "GradAscent":{
        "forget_mcqa_acc": 0.25,
        "forget_truth_ratio": 5.4290249992938414e-17,
        "mia_min_k": 0.48775,
        "mia_min_k_plus_plus": 0.509725,
        "privleak": -18.587094720504275,
        "retain_mcqa_acc": 0.25401421426691234
    },
    "GradDiff": {
        "forget_mcqa_acc": 0.22,
        "forget_truth_ratio": 1.566284937854336e-07,
        "mia_min_k": 0.0,
        "mia_min_k_plus_plus": 0.0,
        "privleak": 58.93197710442912,
        "retain_mcqa_acc": 0.39326138457488813
    },
    "NPO": {
        "forget_mcqa_acc": 0.61,
        "forget_truth_ratio": 0.691747394282645,
        "mia_min_k": 0.33142499999999997,
        "mia_min_k_plus_plus": 0.36502500000000004,
        "privleak": 6.2579465978611095,
        "retain_mcqa_acc": 0.6428007370360621
    },
    "RMU": {
        "forget_mcqa_acc": 0.225,
        "forget_truth_ratio": 0.7626267881502362,
        "mia_min_k": 0.058249999999999996,
        "mia_min_k_plus_plus": 0.247825,
        "privleak": 49.6741894390219,
        "retain_mcqa_acc": 0.7315082916556989
    },
    "GradAscentKLUniform": {
        "forget_mcqa_acc": 0.23,
        "forget_truth_ratio": 2.289994204766151e-19,
        "mia_min_k": 0.0,
        "mia_min_k_plus_plus": 0.0,
        "privleak": 58.93197710442912,
        "retain_mcqa_acc": 0.3332455909449855
    }
}