{
    "forget_mcqa_prob": 0.5538847117794486,
    "forget_truth_ratio": 0.6383874744085646,
    "mia_min_k": 0.6180249999999999,
    "mia_min_k_plus_plus": 0.5655937499999999,
    "privleak": -36.68900789795173,
    "retain_mcqa_prob": 0.5872222222222222
}