{
    "forget_mcqa_prob": 0.7944862155388471,
    "forget_truth_ratio": 0.49385810615775627,
    "mia_gradnorm": 0.400803125,
    "mia_loss": 0.41083125,
    "mia_min_k": 0.40180000000000005,
    "mia_min_k_plus_plus": 0.48011249999999994,
    "mia_zlib": 0.32390625,
    "privleak": 19.639999996071992,
    "retain_mcqa_prob": 0.8322222222222222
}