{
    "forget_mcqa_prob": 0.2499999999580905,
    "retain_mcqa_prob": 0.2500000004995838
}