{
    "forget_mcqa_prob": 0.24999999860869138,
    "retain_mcqa_prob": 0.2499999997529009
}