{
    "forget_mcqa_prob": 0.2556390977443609,
    "forget_truth_ratio": 4.724101077873274e-16,
    "mia_min_k": 0.520290625,
    "mia_min_k_plus_plus": 0.53775,
    "privleak": -20.48988428487835,
    "retain_mcqa_prob": 0.25277777777777777
}