{
    "forget_mcqa_prob": 0.25000000295658537,
    "retain_mcqa_prob": 0.2500000002480653
}