{
    "forget_mcqa_prob": 0.2499999996551196,
    "retain_mcqa_prob": 0.2499999997729622
}