{
    "forget_mcqa_prob": 0.725,
    "forget_truth_ratio": 0.5185510858135034,
    "mia_min_k": 0.98385,
    "mia_min_k_plus_plus": 0.967875,
    "privleak": -97.43477741374184,
    "retain_mcqa_prob": 0.7399315609370887
}