{
    "forget_mcqa_prob": 0.725,
    "forget_truth_ratio": 0.7016832780652739,
    "mia_gradnorm": 0.827225,
    "mia_loss": 0.809725,
    "mia_min_k": 0.934125,
    "mia_min_k_plus_plus": 0.967875,
    "mia_zlib": 0.49350000000000005,
    "privleak": -89.63659245030495,
    "retain_mcqa_prob": 0.7399315609370887
}