{
    "forget_mcqa_prob": 0.25000000006402845,
    "retain_mcqa_prob": 0.2500000000846411
}