{
    "forget_mcqa_prob": 0.250000002338237,
    "retain_mcqa_prob": 0.2500000003098608
}