{
    "forget_mcqa_prob": 0.2500000012295086,
    "retain_mcqa_prob": 0.24999999962202593
}