{
    "forget_mcqa_prob": 0.2500000009632572,
    "retain_mcqa_prob": 0.24999999972975145
}