{
    "forget_mcqa_prob": 0.255,
    "forget_truth_ratio": 3.446759206324541e-14,
    "mia_min_k": 0.5223375,
    "mia_min_k_plus_plus": 0.39765,
    "privleak": -26.817450585748816,
    "retain_mcqa_prob": 0.2526980784416952
}