{
    "forget_mcqa_prob": 0.24999999958845365,
    "retain_mcqa_prob": 0.24999999971952772
}