{
    "forget_mcqa_prob": 0.2499999998000567,
    "retain_mcqa_prob": 0.2499999997841536
}