{
    "forget_mcqa_prob": 0.7568922305764411,
    "retain_mcqa_prob": 0.8327777777777777
}