{
    "forget_mcqa_prob": 0.24999999779101928,
    "retain_mcqa_prob": 0.24999999672361
}