{
    "forget_truth_ratio": 0.7523073865040556,
    "mia_min_k": 0.32650625,
    "mia_min_k_plus_plus": 0.42164375,
    "privleak": 11.629183800502764
}