{
    "forget_mcqa_prob": 0.2500000004855015,
    "retain_mcqa_prob": 0.25000000039632947
}