{
    "forget_truth_ratio": 0.5782623992535789,
    "mia_min_k": 0.29375,
    "mia_min_k_plus_plus": 0.47125000000000006,
    "privleak": 52.90933693035792
}