{
    "forget_mcqa_prob": 0.8,
    "forget_truth_ratio": 0.8448944852577155,
    "mia_gradnorm": 0.5778125000000001,
    "mia_loss": 0.47,
    "mia_min_k": 0.49125,
    "mia_min_k_plus_plus": 0.5487500000000001,
    "mia_zlib": 0.47250000000000003,
    "privleak": 1.7499999996500073,
    "retain_mcqa_prob": 0.8383430159131093
}