{
    "forget_mcqa_prob": 0.2500000006733999,
    "retain_mcqa_prob": 0.2500000003165203
}