{
    "forget_mcqa_prob": 0.665,
    "forget_truth_ratio": 0.6642147482970927,
    "mia_min_k": 0.37079999999999996,
    "mia_min_k_plus_plus": 0.402875,
    "privleak": 25.839999994832,
    "retain_mcqa_prob": 0.7441431955777836
}