{
    "forget_truth_ratio": 0.755908729806539,
    "mia_min_k": 0.29636875,
    "mia_min_k_plus_plus": 0.45043125000000006,
    "privleak": 58535.932622006636
}