{
    "forget_mcqa_prob": 0.24999999949826893,
    "retain_mcqa_prob": 0.2500000001130401
}