{
    "forget_mcqa_prob": 0.2499999999926979,
    "retain_mcqa_prob": 0.2500000002617063
}