{
    "forget_mcqa_prob": 0.2499999998880263,
    "retain_mcqa_prob": 0.24999999951787769
}