{
    "forget_mcqa_prob": 0.8,
    "forget_truth_ratio": 0.618301401955353,
    "mia_gradnorm": 0.9581249999999999,
    "mia_loss": 0.986875,
    "mia_min_k": 0.9924999999999999,
    "mia_min_k_plus_plus": 0.9824999999999999,
    "mia_zlib": 0.8775,
    "privleak": -98.47328242270262,
    "retain_mcqa_prob": 0.8335438241980299
}