{
    "forget_mcqa_prob": 0.2500000004420281,
    "retain_mcqa_prob": 0.25000000015935964
}