{
    "forget_mcqa_prob": 0.7042606516290727,
    "forget_truth_ratio": 0.7394267477686828,
    "mia_gradnorm": 0.35277187499999996,
    "mia_loss": 0.382925,
    "mia_min_k": 0.37546874999999996,
    "mia_min_k_plus_plus": 0.4143499999999999,
    "mia_zlib": 0.30264375,
    "privleak": 24.906249995018744,
    "retain_mcqa_prob": 0.7333333333333333
}