{
    "forget_mcqa_prob": 0.25000000013917323,
    "retain_mcqa_prob": 0.2500000001101358
}