{
    "forget_truth_ratio": 0.3620331949975102,
    "mia_gradnorm": 0.400803125,
    "mia_loss": 0.41168125000000005,
    "mia_min_k": 0.40250625000000007,
    "mia_min_k_plus_plus": 0.48011249999999994,
    "mia_zlib": 0.32437499999999997,
    "privleak": 19.498749996100237
}