{
    "forget_mcqa_prob": 0.25000000034633557,
    "retain_mcqa_prob": 0.2499999998662705
}