{
    "forget_mcqa_prob": 0.2500000005029142,
    "retain_mcqa_prob": 0.25000000042912635
}