{
    "forget_mcqa_prob": 0.25000000043813825,
    "retain_mcqa_prob": 0.2499999997905568
}