{
    "forget_mcqa_prob": 0.25000000040705245,
    "retain_mcqa_prob": 0.24999999943793833
}