{
    "forget_mcqa_prob": 0.250000000425789,
    "retain_mcqa_prob": 0.25000000008881784
}