{
    "forget_mcqa_prob": 0.24999999743013177,
    "retain_mcqa_prob": 0.25000000028853886
}