{
    "forget_Q_A_Prob": 0.9886594533920288,
    "forget_truth_ratio": 0.5012299071760643
}