{
    "forget_truth_ratio": 0.6566225913095736,
    "mia_min_k": 0.37614375,
    "mia_min_k_plus_plus": 0.4143499999999999,
    "privleak": 24.77124999504575
}