{
    "forget_mcqa_prob": 0.656641604010025,
    "forget_truth_ratio": 0.7732392132047176,
    "mia_gradnorm": 0.34875,
    "mia_loss": 0.32491249999999994,
    "mia_min_k": 0.32354375,
    "mia_min_k_plus_plus": 0.38475000000000004,
    "mia_zlib": 0.27486875,
    "privleak": 8.208112132896133,
    "retain_mcqa_prob": 0.6716666666666666
}