{
    "forget_truth_ratio": 0.6336972637833048,
    "mia_min_k": 0.63141875,
    "mia_min_k_plus_plus": 0.47418125,
    "privleak": -38.90897412674895
}