{
    "forget_mcqa_prob": 0.2500000003803192,
    "retain_mcqa_prob": 0.24999999990534383
}