{
    "forget_mcqa_prob": 0.7493734335839599,
    "forget_truth_ratio": 0.5318500625140055,
    "mia_min_k": 0.977225,
    "mia_min_k_plus_plus": 0.96525,
    "privleak": -96.3493192387911,
    "retain_mcqa_prob": 0.7363888888888889
}