{
    "forget_mcqa_prob": 0.7493734335839599,
    "forget_truth_ratio": 0.6339510209150144,
    "mia_gradnorm": 0.837,
    "mia_loss": 0.901575,
    "mia_min_k": 0.94829375,
    "mia_min_k_plus_plus": 0.96525,
    "mia_zlib": 0.703775,
    "privleak": -91.72079057825837,
    "retain_mcqa_prob": 0.7363888888888889
}