{
    "forget_mcqa_prob": 0.25000000026610847,
    "retain_mcqa_prob": 0.25000000050231963
}