{
    "forget_mcqa_prob": 0.25000000124709915,
    "retain_mcqa_prob": 0.2500000000535763
}