{
    "forget_mcqa_prob": 0.25000000123836796,
    "retain_mcqa_prob": 0.24999999968973893
}