{
    "forget_truth_ratio": 0.8359126355085921,
    "mia_gradnorm": 0.400803125,
    "mia_loss": 0.36418750000000005,
    "mia_min_k": 0.37528124999999996,
    "mia_min_k_plus_plus": 0.48011249999999994,
    "mia_zlib": 0.340275,
    "privleak": 24.943749995011245
}