{
    "forget_mcqa_prob": 0.25000000129607447,
    "retain_mcqa_prob": 0.25000000011945356
}