{
    "forget_mcqa_prob": 0.8421052631578947,
    "forget_truth_ratio": 0.5539019597002646,
    "mia_gradnorm": 0.87104375,
    "mia_loss": 0.9891937500000001,
    "mia_min_k": 0.9905249999999999,
    "mia_min_k_plus_plus": 0.97666875,
    "mia_zlib": 0.9603249999999999,
    "privleak": -98.44282836625285,
    "retain_mcqa_prob": 0.8405555555555555
}