{
    "forget_mcqa_prob": 0.25000000085067314,
    "retain_mcqa_prob": 0.24999999985261379
}