{
    "forget_mcqa_prob": 0.625,
    "forget_truth_ratio": 0.6979137990868073,
    "mia_min_k": 0.36812500000000004,
    "mia_min_k_plus_plus": 0.3625,
    "privleak": 36.80649525590115,
    "retain_mcqa_prob": 0.684011113917656
}