{
    "forget_mcqa_prob": 0.8,
    "forget_truth_ratio": 0.8041866930152933,
    "mia_gradnorm": 0.5778125000000001,
    "mia_loss": 0.47124999999999995,
    "mia_min_k": 0.49062500000000003,
    "mia_min_k_plus_plus": 0.5487500000000001,
    "mia_zlib": 0.47624999999999995,
    "privleak": 1.8749999996249822,
    "retain_mcqa_prob": 0.8383430159131093
}