{
    "forget_mcqa_prob": 0.24999999955439775,
    "retain_mcqa_prob": 0.25000000001503697
}