{
    "forget_mcqa_prob": 0.24999999862004083,
    "retain_mcqa_prob": 0.249999999630473
}