{
    "forget_mcqa_prob": 0.8,
    "forget_truth_ratio": 0.4905948924771975,
    "mia_min_k": 0.99465,
    "mia_min_k_plus_plus": 0.9825999999999999,
    "privleak": -98.929999980214,
    "retain_mcqa_prob": 0.8339036588575941
}