{
    "forget_mcqa_prob": 0.2500000002008164,
    "retain_mcqa_prob": 0.2500000000433727
}