{
    "forget_mcqa_prob": 0.2556390977443609,
    "forget_truth_ratio": 2.457281611543867e-16,
    "mia_min_k": 0.50381875,
    "mia_min_k_plus_plus": 0.53089375,
    "privleak": -17.75972983037763,
    "retain_mcqa_prob": 0.25277777777777777
}