{
    "forget_mcqa_prob": 0.24999999854626367,
    "retain_mcqa_prob": 0.250000000156649
}