{
    "forget_mcqa_prob": 0.731829573934837,
    "forget_truth_ratio": 0.8860724009193933,
    "mia_gradnorm": 0.363446875,
    "mia_loss": 0.2715625,
    "mia_min_k": 0.30458124999999997,
    "mia_min_k_plus_plus": 0.4212875,
    "mia_zlib": 0.34070625,
    "privleak": 11.317092689899717,
    "retain_mcqa_prob": 0.7427777777777778
}