{
    "forget_mcqa_prob": 0.8295739348370927,
    "retain_mcqa_prob": 0.8347222222222223
}