{
    "forget_mcqa_prob": 0.75,
    "forget_truth_ratio": 0.8218234432791551,
    "mia_gradnorm": 0.5621875000000001,
    "mia_loss": 0.47312499999999996,
    "mia_min_k": 0.49562500000000004,
    "mia_min_k_plus_plus": 0.484375,
    "mia_zlib": 0.47875,
    "privleak": 0.8749999998250036,
    "retain_mcqa_prob": 0.7289719626168224
}