{
    "forget_mcqa_prob": 0.8,
    "forget_truth_ratio": 0.7494978327775578,
    "mia_gradnorm": 0.5778125000000001,
    "mia_loss": 0.485,
    "mia_min_k": 0.50875,
    "mia_min_k_plus_plus": 0.5487500000000001,
    "mia_zlib": 0.485625,
    "privleak": -1.7499999996500073,
    "retain_mcqa_prob": 0.8383430159131093
}