{
    "forget_mcqa_prob": 0.24999999954092458,
    "retain_mcqa_prob": 0.25000000022292024
}