{
    "forget_mcqa_prob": 0.24999999962227712,
    "retain_mcqa_prob": 0.2500000000820218
}