{
    "forget_mcqa_prob": 0.5213032581453634,
    "forget_truth_ratio": 0.6381915209913993,
    "mia_min_k": 0.351878125,
    "mia_min_k_plus_plus": 0.53226875,
    "privleak": 29.624374994075115,
    "retain_mcqa_prob": 0.6616666666666666
}