{
    "forget_mcqa_prob": 0.24999999936810355,
    "retain_mcqa_prob": 0.25000000045335585
}