{
    "forget_mcqa_prob": 0.24999999985621457,
    "retain_mcqa_prob": 0.24999999988774887
}