{
    "forget_mcqa_prob": 0.455,
    "forget_truth_ratio": 0.6312185866783211,
    "mia_min_k": 0.5603750000000001,
    "mia_min_k_plus_plus": 0.430375,
    "privleak": -32.64516622757084,
    "retain_mcqa_prob": 0.5322453277178205
}