{
    "forget_mcqa_prob": 0.2500000004945463,
    "retain_mcqa_prob": 0.24999999980095405
}