{
    "forget_mcqa_prob": 0.2500000017159618,
    "retain_mcqa_prob": 0.2500000000551739
}