{
    "forget_mcqa_prob": 0.25000000079096535,
    "retain_mcqa_prob": 0.2500000004304583
}