{
    "forget_mcqa_prob": 0.8,
    "forget_truth_ratio": 0.5777732505007362,
    "mia_gradnorm": 0.9581249999999999,
    "mia_loss": 0.9987499999999999,
    "mia_min_k": 0.999375,
    "mia_min_k_plus_plus": 0.9824999999999999,
    "mia_zlib": 0.98125,
    "privleak": -99.86684418644649,
    "retain_mcqa_prob": 0.8335438241980299
}