{
    "forget_mcqa_prob": 0.24999999949934135,
    "retain_mcqa_prob": 0.24999999979333618
}