{
    "forget_mcqa_prob": 0.2500000016720151,
    "retain_mcqa_prob": 0.24999999985553945
}