{
    "forget_mcqa_prob": 0.69,
    "forget_truth_ratio": 0.6096049610939169,
    "mia_min_k": 0.6072500000000001,
    "mia_min_k_plus_plus": 0.725275,
    "privleak": -39.82687298302025,
    "retain_mcqa_prob": 0.8254803895762043
}