{
    "forget_truth_ratio": 0.6622258028593397,
    "mia_gradnorm": 0.8523125,
    "mia_loss": 0.8945,
    "mia_min_k": 0.9578,
    "mia_min_k_plus_plus": 0.982325,
    "mia_zlib": 0.540225
}