{
    "forget_mcqa_prob": 0.2499999990875949,
    "retain_mcqa_prob": 0.249999999963328
}