{
    "forget_mcqa_prob": 0.8421052631578947,
    "forget_truth_ratio": 0.32372661006075787,
    "mia_gradnorm": 0.87104375,
    "mia_loss": 0.9897687500000001,
    "mia_min_k": 0.98985,
    "mia_min_k_plus_plus": 0.97666875,
    "mia_zlib": 0.9678,
    "privleak": -98.30324304608772,
    "retain_mcqa_prob": 0.8405555555555555
}