{
    "forget_mcqa_prob": 0.24999999812571333,
    "retain_mcqa_prob": 0.24999999998135708
}