{
    "forget_mcqa_prob": 0.2499999989870796,
    "retain_mcqa_prob": 0.2499999999418772
}