{
    "forget_mcqa_prob": 0.675,
    "forget_truth_ratio": 0.7075278310417411,
    "mia_gradnorm": 0.3426625,
    "mia_loss": 0.37515000000000004,
    "mia_min_k": 0.370275,
    "mia_min_k_plus_plus": 0.4016,
    "mia_zlib": 0.300725,
    "privleak": 25.944999994810996,
    "retain_mcqa_prob": 0.7446696499078705
}