{
    "forget_mcqa_prob": 0.24999999879553797,
    "retain_mcqa_prob": 0.24999999987804966
}