{
    "forget_mcqa_prob": 0.255,
    "forget_truth_ratio": 1.846205365256417e-11,
    "mia_min_k": 0.5226999999999999,
    "mia_min_k_plus_plus": 0.36082499999999995,
    "privleak": -26.872989117990947,
    "retain_mcqa_prob": 0.2526980784416952
}