{
    "forget_mcqa_prob": 0.25000000229618474,
    "retain_mcqa_prob": 0.2499999996462063
}