{
    "forget_mcqa_prob": 0.2500000001967601,
    "retain_mcqa_prob": 0.2500000001401776
}