{
    "forget_mcqa_prob": 0.24999999998981365,
    "retain_mcqa_prob": 0.25000000012442863
}