{
    "forget_mcqa_prob": 0.2500000000576466,
    "retain_mcqa_prob": 0.25000000059987104
}