{
    "forget_truth_ratio": 0.5025067658778258,
    "mia_min_k": 0.99088125,
    "mia_min_k_plus_plus": 0.97674375,
    "privleak": -98.17624998036476
}