{
    "forget_mcqa_prob": 0.731829573934837,
    "forget_truth_ratio": 0.7985976904408898,
    "mia_gradnorm": 0.363446875,
    "mia_loss": 0.27990000000000004,
    "mia_min_k": 0.30733125,
    "mia_min_k_plus_plus": 0.4212875,
    "mia_zlib": 0.30006875,
    "privleak": 11.473546568260131,
    "retain_mcqa_prob": 0.7427777777777778
}