{
    "forget_mcqa_prob": 0.2500000006542891,
    "retain_mcqa_prob": 0.24999999986146576
}