{
    "forget_mcqa_prob": 0.2500000002693563,
    "retain_mcqa_prob": 0.24999999992558414
}