{
    "forget_mcqa_prob": 0.656641604010025,
    "forget_truth_ratio": 0.8581400445931456,
    "mia_gradnorm": 0.34875,
    "mia_loss": 0.29685625,
    "mia_min_k": 0.32015,
    "mia_min_k_plus_plus": 0.38475000000000004,
    "mia_zlib": 0.32813749999999997,
    "privleak": 8.692306922279089,
    "retain_mcqa_prob": 0.6716666666666666
}