{
    "forget_mcqa_prob": 0.8,
    "forget_truth_ratio": 0.5527248045065253,
    "mia_min_k": 0.9662499999999999,
    "mia_min_k_plus_plus": 0.804375,
    "privleak": -92.69282812607462,
    "retain_mcqa_prob": 0.8183884819398838
}