{
    "forget_mcqa_prob": 0.24999999911233317,
    "retain_mcqa_prob": 0.25000000022654617
}