{
    "forget_mcqa_prob": 0.24999999862615369,
    "retain_mcqa_prob": 0.2499999998919887
}