{
    "forget_mcqa_prob": 0.249999993853271,
    "retain_mcqa_prob": 0.24999999613106513
}