{
    "forget_mcqa_prob": 0.2500000005878974,
    "retain_mcqa_prob": 0.24999999992327623
}