{
    "forget_mcqa_prob": 0.64,
    "forget_truth_ratio": 0.6328917683115604,
    "mia_min_k": 0.359975,
    "mia_min_k_plus_plus": 0.47945,
    "privleak": 28.00499999439901,
    "retain_mcqa_prob": 0.7691497762569097
}