{
    "forget_mcqa_prob": 0.2500000005601018,
    "retain_mcqa_prob": 0.2500000005629199
}