{
    "forget_mcqa_prob": 0.2499999987251848,
    "retain_mcqa_prob": 0.24999999992499733
}