{
    "forget_mcqa_prob": 0.2500000008032514,
    "retain_mcqa_prob": 0.25000000054784743
}