{
    "forget_mcqa_prob": 0.250000000197324,
    "retain_mcqa_prob": 0.2499999998359874
}