{
    "forget_mcqa_prob": 0.24999999954525265,
    "retain_mcqa_prob": 0.24999999991842844
}