{
    "forget_mcqa_prob": 0.24999999962916322,
    "retain_mcqa_prob": 0.25000000021582613
}