{
    "forget_mcqa_prob": 0.25000000179925336,
    "retain_mcqa_prob": 0.24999999997238437
}