{
    "forget_truth_ratio": 0.5671482842580827,
    "mia_min_k": 0.8485999999999999,
    "mia_min_k_plus_plus": 0.81925,
    "privleak": -74.90599068506627
}