{
    "forget_mcqa_prob": 0.25000000003291506,
    "retain_mcqa_prob": 0.24999999994362446
}