{
    "forget_mcqa_prob": 0.25000000017416135,
    "retain_mcqa_prob": 0.24999999966946937
}