{
    "forget_mcqa_prob": 0.24999999927789396,
    "retain_mcqa_prob": 0.24999999969439043
}