{
    "forget_mcqa_prob": 0.24999999801511877,
    "retain_mcqa_prob": 0.2499999956791949
}