{
    "forget_mcqa_prob": 0.25000000181704307,
    "retain_mcqa_prob": 0.2500000000108339
}