{
    "forget_mcqa_prob": 0.7944862155388471,
    "forget_truth_ratio": 0.7363993115728352,
    "mia_gradnorm": 0.400803125,
    "mia_loss": 0.37235625,
    "mia_min_k": 0.378625,
    "mia_min_k_plus_plus": 0.48011249999999994,
    "mia_zlib": 0.30655625,
    "privleak": 24.274999995145002,
    "retain_mcqa_prob": 0.8322222222222222
}