{
    "forget_truth_ratio": 0.4822748067387741,
    "mia_min_k": 0.99663125,
    "mia_min_k_plus_plus": 0.995,
    "privleak": -99.32624998013473
}