{
    "forget_mcqa_prob": 0.7,
    "forget_truth_ratio": 0.7632192690159488,
    "mia_min_k": 0.5125,
    "mia_min_k_plus_plus": 0.566875,
    "privleak": -1.1406844104150684,
    "retain_mcqa_prob": 0.7208891134124779
}