{
    "forget_mcqa_prob": 0.25000000232537933,
    "retain_mcqa_prob": 0.2499999995470125
}