{
    "forget_mcqa_prob": 0.8421052631578947,
    "forget_truth_ratio": 0.5962769373783103,
    "mia_gradnorm": 0.87104375,
    "mia_loss": 0.9541562500000002,
    "mia_min_k": 0.97524375,
    "mia_min_k_plus_plus": 0.97666875,
    "mia_zlib": 0.7740749999999998,
    "privleak": -96.01589215916057,
    "retain_mcqa_prob": 0.8405555555555555
}