{
    "forget_mcqa_prob": 0.72,
    "forget_truth_ratio": 0.5187101096864867,
    "mia_min_k": 0.9837,
    "mia_min_k_plus_plus": 0.96775,
    "privleak": -96.739999980652,
    "retain_mcqa_prob": 0.7417741510923928
}