{
    "forget_mcqa_prob": 0.24999999973624654,
    "retain_mcqa_prob": 0.2499999999003755
}