{
    "forget_mcqa_prob": 0.25000000080294477,
    "retain_mcqa_prob": 0.25000000056060445
}