{
    "forget_mcqa_prob": 0.24999999838268128,
    "retain_mcqa_prob": 0.24999999997137654
}