{
    "forget_mcqa_prob": 0.2500000006048794,
    "retain_mcqa_prob": 0.24999999945627233
}