{
    "forget_mcqa_prob": 0.731829573934837,
    "forget_truth_ratio": 0.8530442829642696,
    "mia_gradnorm": 0.363446875,
    "mia_loss": 0.27299375,
    "mia_min_k": 0.30462500000000003,
    "mia_min_k_plus_plus": 0.4212875,
    "mia_zlib": 0.3285,
    "privleak": 11.327910023301744,
    "retain_mcqa_prob": 0.7427777777777778
}