{
    "forget_mcqa_prob": 0.2499999993451966,
    "retain_mcqa_prob": 0.2499999996554781
}