{
    "forget_mcqa_prob": 0.2500000007354538,
    "retain_mcqa_prob": 0.24999999923253682
}