{
    "forget_mcqa_prob": 0.24999999997118721,
    "retain_mcqa_prob": 0.25000000003754713
}