{
    "forget_mcqa_prob": 0.725,
    "forget_truth_ratio": 0.6213655824447314,
    "mia_gradnorm": 0.827225,
    "mia_loss": 0.879375,
    "mia_min_k": 0.94475,
    "mia_min_k_plus_plus": 0.967875,
    "mia_zlib": 0.712325,
    "privleak": -91.25652791719314,
    "retain_mcqa_prob": 0.7399315609370887
}