{
    "forget_mcqa_prob": 0.24999999961582944,
    "retain_mcqa_prob": 0.24999999981760884
}