{
    "forget_mcqa_prob": 0.249999998886924,
    "retain_mcqa_prob": 0.24999999958113545
}