{
    "forget_mcqa_prob": 0.8,
    "forget_truth_ratio": 0.6905898288524506,
    "mia_gradnorm": 0.9581249999999999,
    "mia_loss": 0.97,
    "mia_min_k": 0.9868750000000001,
    "mia_min_k_plus_plus": 0.9824999999999999,
    "mia_zlib": 0.6875,
    "privleak": -97.42331286430954,
    "retain_mcqa_prob": 0.8335438241980299
}