{
    "forget_mcqa_prob": 0.4,
    "forget_truth_ratio": 0.6341165268591714,
    "mia_min_k": 0.538125,
    "mia_min_k_plus_plus": 0.5825,
    "privleak": -7.624999998474993,
    "retain_mcqa_prob": 0.6382924981055822
}