{
    "forget_truth_ratio": 0.7554737598461884,
    "mia_min_k": 0.3264125,
    "mia_min_k_plus_plus": 0.38452499999999995,
    "privleak": 7.902403859328225
}