{
    "forget_truth_ratio": 0.48182011258848056,
    "mia_min_k": 0.9988,
    "mia_min_k_plus_plus": 0.94964375,
    "privleak": -99.759999980048
}