{
    "forget_mcqa_prob": 0.7268170426065163,
    "forget_truth_ratio": 0.5953914690485916,
    "mia_min_k": 0.56604375,
    "mia_min_k_plus_plus": 0.5496375,
    "privleak": -13.208749997358241,
    "retain_mcqa_prob": 0.7191666666666666
}