{
    "forget_mcqa_prob": 0.375,
    "forget_truth_ratio": 0.648021835457197,
    "mia_min_k": 0.54,
    "mia_min_k_plus_plus": 0.538125,
    "privleak": -7.999999998400006,
    "retain_mcqa_prob": 0.623389744885072
}