{
    "forget_mcqa_prob": 0.2499999997220584,
    "retain_mcqa_prob": 0.2500000000718186
}