{
    "forget_mcqa_prob": 0.2499999991268851,
    "retain_mcqa_prob": 0.24999999927374952
}