{
    "forget_mcqa_prob": 0.25000000027403374,
    "retain_mcqa_prob": 0.24999999969490913
}