{
    "forget_mcqa_prob": 0.2499999987698161,
    "retain_mcqa_prob": 0.250000000053655
}