{
    "forget_mcqa_prob": 0.2500000004555771,
    "retain_mcqa_prob": 0.2500000000817272
}