{
    "forget_mcqa_prob": 0.24999999914192508,
    "retain_mcqa_prob": 0.2500000000039143
}