{
    "forget_mcqa_prob": 0.24999999988358468,
    "retain_mcqa_prob": 0.2500000001647869
}