{
    "forget_mcqa_prob": 0.25000000063671013,
    "retain_mcqa_prob": 0.2500000001285581
}