{
    "forget_mcqa_prob": 0.250000000027328,
    "retain_mcqa_prob": 0.24999999995875882
}