{
    "forget_mcqa_prob": 0.2500000004244719,
    "retain_mcqa_prob": 0.24999999995471422
}