{
    "forget_mcqa_prob": 0.2499999999137097,
    "retain_mcqa_prob": 0.24999999989158822
}