{
    "forget_mcqa_prob": 0.7042606516290727,
    "retain_mcqa_prob": 0.7333333333333333
}