{
    "forget_mcqa_prob": 0.2500000001033186,
    "retain_mcqa_prob": 0.24999999987647148
}