{
    "forget_mcqa_prob": 0.2500000000568947,
    "retain_mcqa_prob": 0.25000000021692864
}