{
    "forget_mcqa_prob": 0.24999999936262612,
    "retain_mcqa_prob": 0.24999999976947032
}