{
    "forget_mcqa_prob": 0.24999999936485814,
    "retain_mcqa_prob": 0.24999999984567947
}