{
    "forget_mcqa_prob": 0.2500000005460351,
    "retain_mcqa_prob": 0.24999999985712423
}