{
    "forget_mcqa_prob": 0.2500000002300224,
    "retain_mcqa_prob": 0.24999999986122223
}