{
    "forget_mcqa_prob": 0.24999999871710316,
    "retain_mcqa_prob": 0.2499999993800478
}