{
    "forget_mcqa_prob": 0.25000000011807416,
    "retain_mcqa_prob": 0.25000000056626304
}