{
    "forget_mcqa_prob": 0.2499999981286237,
    "retain_mcqa_prob": 0.24999999616252874
}