{
    "forget_mcqa_prob": 0.25000000224312285,
    "retain_mcqa_prob": 0.2500000008001227
}