{
    "forget_mcqa_prob": 0.78,
    "forget_truth_ratio": 0.49901836646956843,
    "mia_min_k": 0.9226,
    "mia_min_k_plus_plus": 0.8018250000000001,
    "privleak": -88.14156579008096,
    "retain_mcqa_prob": 0.8286391155567254
}