{
    "forget_truth_ratio": 0.3093632956194252,
    "mia_gradnorm": 0.8523125,
    "mia_loss": 0.9932000000000001,
    "mia_min_k": 0.993725,
    "mia_min_k_plus_plus": 0.982325,
    "mia_zlib": 0.9736750000000001
}