{
    "forget_mcqa_prob": 0.75,
    "forget_truth_ratio": 0.5791384356579485,
    "mia_gradnorm": 0.908125,
    "mia_loss": 0.9924999999999999,
    "mia_min_k": 1.0,
    "mia_min_k_plus_plus": 0.969375,
    "mia_zlib": 0.9718749999999999,
    "privleak": -99.99999997916666,
    "retain_mcqa_prob": 0.7347815104824451
}