{
    "forget_mcqa_prob": 0.24999999892802716,
    "retain_mcqa_prob": 0.24999999947390783
}