{
    "forget_mcqa_prob": 0.24999999763822417,
    "retain_mcqa_prob": 0.2500000000138388
}