{
    "forget_mcqa_prob": 0.2500000017709681,
    "retain_mcqa_prob": 0.24999999942945852
}