{
    "forget_mcqa_prob": 0.8,
    "forget_truth_ratio": 0.5250850794943392,
    "mia_min_k": 0.99875,
    "mia_min_k_plus_plus": 0.9824999999999999,
    "privleak": -99.73009444540241,
    "retain_mcqa_prob": 0.8335438241980299
}