{
    "forget_mcqa_prob": 0.24999999971033768,
    "retain_mcqa_prob": 0.2499999997410522
}