{
    "forget_truth_ratio": 0.6629708782129873,
    "mia_min_k": 0.39666875,
    "mia_min_k_plus_plus": 0.47988125,
    "privleak": 20.66624999586675
}