{
    "forget_mcqa_prob": 0.24999999982585436,
    "retain_mcqa_prob": 0.24999999986854562
}