{
    "forget_mcqa_prob": 0.25000000102942066,
    "retain_mcqa_prob": 0.2500000000386772
}