{
    "forget_mcqa_prob": 0.24999999939118672,
    "retain_mcqa_prob": 0.2499999996888418
}