{
    "forget_mcqa_prob": 0.325,
    "forget_truth_ratio": 0.6880504998140677,
    "mia_min_k": 0.5193749999999999,
    "mia_min_k_plus_plus": 0.53,
    "privleak": -3.874999999224984,
    "retain_mcqa_prob": 0.5420560747663551
}