{
    "forget_mcqa_prob": 0.2500000003099558,
    "retain_mcqa_prob": 0.2499999998801526
}