{
    "forget_mcqa_prob": 0.2500000006492337,
    "retain_mcqa_prob": 0.250000001019618
}