{
    "forget_mcqa_prob": 0.24999999932842912,
    "retain_mcqa_prob": 0.2500000010200253
}