{
    "forget_mcqa_prob": 0.4,
    "forget_truth_ratio": 0.6323931514332684,
    "mia_min_k": 0.531875,
    "mia_min_k_plus_plus": 0.5431250000000001,
    "privleak": -6.374999998724998,
    "retain_mcqa_prob": 0.6617832786057085
}