{
    "forget_mcqa_prob": 0.7493734335839599,
    "forget_truth_ratio": 0.7702849520996061,
    "mia_gradnorm": 0.837,
    "mia_loss": 0.84068125,
    "mia_min_k": 0.9389249999999999,
    "mia_min_k_plus_plus": 0.96525,
    "mia_zlib": 0.43633125000000006,
    "privleak": -90.24034594793739,
    "retain_mcqa_prob": 0.7363888888888889
}