{
    "forget_mcqa_prob": 0.25000000023675967,
    "retain_mcqa_prob": 0.25000000004087486
}