{
    "forget_mcqa_prob": 0.2500000015133992,
    "retain_mcqa_prob": 0.24999999951604865
}