{
    "forget_mcqa_prob": 0.24999999916472007,
    "retain_mcqa_prob": 0.2500000002649485
}