{
    "forget_mcqa_prob": 0.25000000084665813,
    "retain_mcqa_prob": 0.2500000000420128
}