{
    "forget_mcqa_prob": 0.8421052631578947,
    "forget_truth_ratio": 0.6756838107314417,
    "mia_gradnorm": 0.87104375,
    "mia_loss": 0.91821875,
    "mia_min_k": 0.9667625000000001,
    "mia_min_k_plus_plus": 0.97666875,
    "mia_zlib": 0.5384375,
    "privleak": -94.67875402480655,
    "retain_mcqa_prob": 0.8405555555555555
}