{
    "forget_mcqa_prob": 0.24999999925150354,
    "retain_mcqa_prob": 0.24999999980493987
}