{
    "forget_mcqa_prob": 0.7944862155388471,
    "forget_truth_ratio": 0.792416880678335,
    "mia_gradnorm": 0.400803125,
    "mia_loss": 0.364825,
    "mia_min_k": 0.37538125000000006,
    "mia_min_k_plus_plus": 0.48011249999999994,
    "mia_zlib": 0.32923125,
    "privleak": 24.92374999501525,
    "retain_mcqa_prob": 0.8322222222222222
}