{
    "forget_mcqa_prob": 0.24999999764404493,
    "retain_mcqa_prob": 0.24999999979078175
}