{
    "forget_Q_A_Prob": 0.9917406663298607,
    "forget_Q_A_ROUGE": 0.9983333333333334,
    "forget_truth_ratio": 0.49709280551938145
}