{
    "forget_mcqa_prob": 0.24999999968815245,
    "retain_mcqa_prob": 0.2500000002806118
}