{
    "forget_mcqa_prob": 0.25000000018868995,
    "retain_mcqa_prob": 0.2499999999442637
}