{
    "forget_mcqa_prob": 0.731829573934837,
    "forget_truth_ratio": 0.76821664587238,
    "mia_gradnorm": 0.363446875,
    "mia_loss": 0.30721875,
    "mia_min_k": 0.31850625,
    "mia_min_k_plus_plus": 0.4212875,
    "mia_zlib": 0.27528125000000003,
    "privleak": 12.000287602284336,
    "retain_mcqa_prob": 0.7427777777777778
}