{
    "forget_truth_ratio": 0.7453215247649331,
    "mia_min_k": 0.3227875,
    "mia_min_k_plus_plus": 0.41188749999999996,
    "privleak": 8.273877329452379
}