{
    "forget_mcqa_prob": 0.2500000001412156,
    "retain_mcqa_prob": 0.25000000082189217
}