{
    "forget_mcqa_prob": 0.75,
    "forget_truth_ratio": 0.7159500644120159,
    "mia_gradnorm": 0.908125,
    "mia_loss": 0.9075,
    "mia_min_k": 0.975,
    "mia_min_k_plus_plus": 0.969375,
    "mia_zlib": 0.6381249999999999,
    "privleak": -95.04337048921072,
    "retain_mcqa_prob": 0.7347815104824451
}