{
    "forget_mcqa_prob": 0.75,
    "forget_truth_ratio": 0.7647798714273035,
    "mia_gradnorm": 0.5621875000000001,
    "mia_loss": 0.48937499999999995,
    "mia_min_k": 0.5,
    "mia_min_k_plus_plus": 0.484375,
    "mia_zlib": 0.5193749999999999,
    "privleak": 0.0,
    "retain_mcqa_prob": 0.7289719626168224
}