{
    "forget_mcqa_prob": 0.6190476190476191,
    "forget_truth_ratio": 0.7005234992619667,
    "mia_min_k": 0.567825,
    "mia_min_k_plus_plus": 0.62446875,
    "privleak": -13.564999997287005
}