{
    "forget_mcqa_prob": 0.375,
    "forget_truth_ratio": 0.7206720987010026,
    "mia_min_k": 0.48374999999999996,
    "mia_min_k_plus_plus": 0.5475,
    "privleak": 3.2499999993500195,
    "retain_mcqa_prob": 0.607224046476383
}