{
    "forget_mcqa_prob": 0.24999999931605998,
    "retain_mcqa_prob": 0.2499999994857429
}