{
    "forget_mcqa_prob": 0.2499999995683902,
    "retain_mcqa_prob": 0.2499999999815257
}