{
    "forget_mcqa_prob": 0.2500000010232907,
    "retain_mcqa_prob": 0.24999999983361443
}