{
    "forget_mcqa_prob": 0.2500000028478098,
    "retain_mcqa_prob": 0.24999999996835628
}