{
    "forget_mcqa_prob": 0.24999999943705917,
    "retain_mcqa_prob": 0.2499999999428256
}