{
    "forget_mcqa_prob": 0.25000000065124367,
    "retain_mcqa_prob": 0.2500000005799744
}