{
    "forget_mcqa_prob": 0.7493734335839599,
    "retain_mcqa_prob": 0.7363888888888889
}