{
    "forget_mcqa_prob": 0.775,
    "forget_truth_ratio": 0.6700604147533114,
    "mia_min_k": 0.506875,
    "mia_min_k_plus_plus": 0.461875,
    "privleak": -1.3749999997249929,
    "retain_mcqa_prob": 0.8378378378378378
}