{
    "forget_mcqa_prob": 0.25000000170376396,
    "retain_mcqa_prob": 0.24999999986542787
}