{
    "forget_mcqa_prob": 0.25000000067853334,
    "retain_mcqa_prob": 0.2499999997630378
}