{
    "forget_mcqa_prob": 0.2500000016641707,
    "retain_mcqa_prob": 0.25000000007011897
}