{
    "forget_mcqa_prob": 0.24999999772262527,
    "retain_mcqa_prob": 0.2500000000900793
}