{
    "forget_mcqa_prob": 0.2499999988125637,
    "retain_mcqa_prob": 0.24999999993356134
}