{
    "forget_mcqa_prob": 0.24999999850406313,
    "retain_mcqa_prob": 0.24999999594196007
}