{
    "forget_mcqa_prob": 0.25000000073050616,
    "retain_mcqa_prob": 0.25000000026180397
}