{
    "forget_truth_ratio": 0.7079519871790038,
    "mia_gradnorm": 0.400803125,
    "mia_loss": 0.39845624999999996,
    "mia_min_k": 0.39152499999999996,
    "mia_min_k_plus_plus": 0.48011249999999994,
    "mia_zlib": 0.3140875,
    "privleak": 21.694999995661018
}