{
    "forget_mcqa_prob": 0.505,
    "forget_truth_ratio": 0.6224394224087433,
    "mia_min_k": 0.6371,
    "mia_min_k_plus_plus": 0.532525,
    "privleak": -44.40018384489042,
    "retain_mcqa_prob": 0.6022637536193736
}