{
    "forget_mcqa_prob": 0.75,
    "forget_truth_ratio": 0.6934235059483418,
    "mia_min_k": 0.51875,
    "mia_min_k_plus_plus": 0.48500000000000004,
    "privleak": -3.749999999250009,
    "retain_mcqa_prob": 0.7287193735791867
}