{
    "forget_mcqa_prob": 0.8421052631578947,
    "retain_mcqa_prob": 0.8405555555555555
}