{
    "forget_mcqa_prob": 0.2500000022124611,
    "retain_mcqa_prob": 0.2499999997348389
}