{
    "forget_mcqa_prob": 0.24999999957508406,
    "retain_mcqa_prob": 0.24999999980539064
}