{
    "forget_mcqa_prob": 0.656641604010025,
    "forget_truth_ratio": 0.8066435741307771,
    "mia_gradnorm": 0.34875,
    "mia_loss": 0.30726875,
    "mia_min_k": 0.32069375,
    "mia_min_k_plus_plus": 0.38475000000000004,
    "mia_zlib": 0.3036,
    "privleak": 8.770577932045745,
    "retain_mcqa_prob": 0.6716666666666666
}