{
    "forget_mcqa_prob": 0.24999999993457778,
    "retain_mcqa_prob": 0.24999999989081764
}