{
    "forget_mcqa_prob": 0.24999999962088648,
    "retain_mcqa_prob": 0.24999999971296727
}