{
    "forget_mcqa_prob": 0.3107769423558897,
    "forget_truth_ratio": 0.6985371828822639,
    "mia_min_k": 0.0786125,
    "mia_min_k_plus_plus": 0.69896875,
    "privleak": 52.71668754888519,
    "retain_mcqa_prob": 0.8205555555555556
}