{
    "forget_mcqa_prob": 0.75,
    "forget_truth_ratio": 0.6948083354476264,
    "mia_gradnorm": 0.5621875000000001,
    "mia_loss": 0.52125,
    "mia_min_k": 0.519375,
    "mia_min_k_plus_plus": 0.484375,
    "mia_zlib": 0.5449999999999999,
    "privleak": -3.874999999225006,
    "retain_mcqa_prob": 0.7289719626168224
}