{
    "forget_mcqa_prob": 0.2499999986262992,
    "retain_mcqa_prob": 0.2500000002856038
}