{
    "forget_mcqa_prob": 0.2500000004124013,
    "retain_mcqa_prob": 0.24999999986994442
}