{
    "forget_mcqa_prob": 0.8,
    "forget_truth_ratio": 0.7075792985532509,
    "mia_gradnorm": 0.5778125000000001,
    "mia_loss": 0.525,
    "mia_min_k": 0.5306249999999999,
    "mia_min_k_plus_plus": 0.5487500000000001,
    "mia_zlib": 0.5375,
    "privleak": -6.124999998774981,
    "retain_mcqa_prob": 0.8383430159131093
}