{
    "forget_mcqa_prob": 0.2500000011670636,
    "retain_mcqa_prob": 0.24999999996892602
}