{
    "forget_mcqa_prob": 0.25000000049523374,
    "retain_mcqa_prob": 0.24999999967363995
}