{
    "forget_mcqa_prob": 0.24999999992939348,
    "retain_mcqa_prob": 0.2500000003221879
}