{
    "forget_mcqa_prob": 0.25000000276461376,
    "retain_mcqa_prob": 0.2500000005371284
}