{
    "forget_truth_ratio": 0.6565594439263345,
    "mia_min_k": 0.37574375000000004,
    "mia_min_k_plus_plus": 0.4143875,
    "privleak": 24.851249995029743
}