{
    "forget_mcqa_prob": 0.7944862155388471,
    "retain_mcqa_prob": 0.8322222222222222
}