{
    "forget_mcqa_prob": 0.23809523809523808,
    "forget_truth_ratio": 0.7188739075558089,
    "mia_min_k": 0.023924999999999978,
    "mia_min_k_plus_plus": 0.66005,
    "privleak": 61.78094536595263,
    "retain_mcqa_prob": 0.8233333333333334
}