{
    "forget_mcqa_prob": 0.24999999916505927,
    "retain_mcqa_prob": 0.2499999996689248
}