{
    "forget_mcqa_prob": 0.63,
    "forget_truth_ratio": 0.7529357923192773,
    "mia_min_k": 0.31452500000000005,
    "mia_min_k_plus_plus": 0.35907500000000003,
    "privleak": 8.943897010657354,
    "retain_mcqa_prob": 0.6720189523558832
}