{
    "forget_mcqa_prob": 0.24999999871171893,
    "retain_mcqa_prob": 0.24999999975233975
}