{
    "forget_mcqa_prob": 0.24999999768042472,
    "retain_mcqa_prob": 0.25000000009882734
}