{
    "forget_mcqa_prob": 0.24999999982537702,
    "retain_mcqa_prob": 0.25000000032041025
}