{
    "forget_mcqa_prob": 0.75,
    "forget_truth_ratio": 0.531072730908577,
    "mia_min_k": 0.9981249999999999,
    "mia_min_k_plus_plus": 0.969375,
    "privleak": -99.60988294416437,
    "retain_mcqa_prob": 0.7347815104824451
}