{
    "forget_mcqa_prob": 0.75,
    "forget_truth_ratio": 0.7741102242069753,
    "mia_gradnorm": 0.908125,
    "mia_loss": 0.90625,
    "mia_min_k": 0.975625,
    "mia_min_k_plus_plus": 0.969375,
    "mia_zlib": 0.5825,
    "privleak": -95.19704431621733,
    "retain_mcqa_prob": 0.7347815104824451
}