{
    "forget_mcqa_prob": 0.25000000085313834,
    "retain_mcqa_prob": 0.24999999978534895
}