{
    "forget_mcqa_prob": 0.25000000066544076,
    "retain_mcqa_prob": 0.2500000000485389
}