{
    "forget_mcqa_prob": 0.24999999701108427,
    "retain_mcqa_prob": 0.2499999997425714
}